name,role,organization,relationship,last_interaction,last_interaction_date,open_items,notes
Diana Walsh,VP Regulatory Affairs,Ripple,Direct report,Email — FCA compliance officer nomination,2026-03-09,"FCA compliance officer sign-off (due Mar 11), DFSA annual review prep",Manages regulatory licensing across 40+ jurisdictions. Highly organized — always prepared. Key partner on market expansion.
James Morton,VP Corporate & M&A Legal,Ripple,Direct report,Email — Rail license transfer cost overrun,2026-03-05,"$300K budget approval for Rail license transfers (NY/CA/TX), Hidden Road license transfers (4 remaining jurisdictions)","Handling legal for all 4 acquisitions. Under heavy workload. May need additional outside counsel budget."
Rachel Kim,VP Litigation,Ripple,Direct report,Email — SEC case final status,2026-03-03,"SEC case archival process approval, patent troll response strategy, new employment dispute monitoring","SEC case closure is career-defining win for the team. She'll want to do a proper close-out."
Marcus Chen,VP Compliance,Ripple,Direct report,Email — multi-stablecoin legal review,2026-03-05,"Multi-stablecoin (USDC/USDT) legal review — blocking Rail roadmap, AML system tuning complete","Compliance program running well. The stablecoin review is his top escalation — it's blocking a product team."
Priya Sharma,VP IP & Technology,Ripple,Direct report,Slack — Palisade open-source license issue,2026-03-05,"Palisade AGPL dependency resolution, patent portfolio Q1 update","87 patents granted. The Palisade open-source issue may need a legal opinion — coordinate with her."
Sarah Park,VP Employment Law,Ripple,Direct report,Email — Hidden Road benefits harmonization,2026-03-04,"Benefits plan sign-off (due before HR distributes), Singapore employment law policy update, H-1B renewals on track","Nominated for FCA compliance officer role by Diana. Benefits decision has $180K/yr budget impact."
Michael Torres,Partner,Davis Polk (External Counsel),Outside counsel — lead on SEC matter,Email — final invoice and close-out,2026-03-10,"Final invoice approval, case closure letter, lessons learned memo","Long-standing relationship. Case came in 8% under budget. Will likely pitch for future work."
Board Member — Audit Chair,Board Director,Ripple Board,Board oversight,Board meeting — Q4 compliance report,2025-12-18,"Requested acquisition compliance integration update at next meeting","Focused on risk management and regulatory compliance. Asks detailed questions."
Board Member — Governance Chair,Board Director,Ripple Board,Board oversight,Board meeting — Q4 governance review,2025-12-18,"Standard governance agenda items","Less involved in day-to-day legal. Focuses on board-level governance and policy."
