item_id,timestamp,source,source_tier,author,headline,summary,category,relevance_to_ripple,url_placeholder
N-001,2026-03-06 06:00,Bloomberg,Tier 1,Staff Reporter,"SWIFT Tests Multi-CBDC Platform With 15 Central Banks","SWIFT announced a pilot program connecting 15 central banks for multi-currency CBDC settlement, targeting a 2027 production launch. The system uses ISO 20022 messaging and atomic settlement across different CBDC platforms.",Regulatory/Competitive,Direct - competes with Ripple CBDC platform,bloomberg.com/swift-cbdc-pilot
N-002,2026-03-06 06:15,Reuters,Tier 1,Staff Reporter,"Circle Receives Singapore MAS License for USDC Operations","Circle Internet Financial has received a Major Payment Institution license from Singapore's Monetary Authority, enabling direct USDC issuance and redemption in the city-state. Circle CEO Jeremy Allaire called it 'a milestone for regulated stablecoin infrastructure in Asia.'",Regulatory/Competitive,Direct - Circle expanding in Ripple's strongest region,reuters.com/circle-singapore
N-003,2026-03-06 06:30,CoinDesk,Tier 1,Staff Reporter,"XRP ETF Inflows Hit 40 Consecutive Days as Institutional Demand Holds","Spot XRP ETFs recorded their 40th consecutive day of net inflows, adding $28M yesterday. Total cumulative inflows now stand at $1.52B across all products. Canary Capital's XRPC leads with 42% market share.",Market/XRP,Direct - positive XRP institutional narrative,coindesk.com/xrp-etf-streak
N-004,2026-03-06 07:00,The Block,Tier 1,Staff Reporter,"JPMorgan Kinexys Onboards First Non-JPM Banks in Asia Expansion","JPMorgan's Kinexys blockchain platform has onboarded 12 regional banks in Asia-Pacific, marking the first time the platform has been available outside JPMorgan's own client base. Banks in Japan, Singapore, and Australia are among the first wave.",Competitive,Direct - Kinexys opening up in Ripple's key APAC market,theblock.co/jpmorgan-kinexys-expansion
N-005,2026-03-06 07:15,Financial Times,Tier 1,Staff Reporter,"EU MiCA Framework Drives 40% Increase in Crypto License Applications","European crypto companies filed 40% more regulatory applications in Q1 2026 compared to Q4 2025, driven by the Markets in Crypto-Assets regulation providing clearer operating frameworks. The largest categories were payment services and custody.",Regulatory,Indirect - positive for Ripple's EU expansion via Luxembourg,ft.com/mica-license-surge
N-006,2026-03-06 07:30,Wall Street Journal,Tier 1,Staff Reporter,"Stablecoin Market Hits $250 Billion as Enterprise Adoption Accelerates","The total stablecoin market capitalization crossed $250 billion for the first time, with Tether ($140B), USDC ($75B), and RLUSD ($1.5B) leading. Enterprise use cases including supply chain payments and treasury management are driving growth beyond crypto trading.",Market/RLUSD,Direct - RLUSD mentioned as top 3 regulated stablecoin,wsj.com/stablecoin-250b
N-007,2026-03-06 08:00,Twitter/X,Social,@ResearchPulse,"THREAD: Analyzing XRP on-chain metrics post-correction","On-chain data shows XRP active addresses holding steady at 1.2M daily despite 62% price drop from ATH. Settlement volume actually increased 15% MoM. This divergence between price and utility metrics is notable.",Market/XRP,Direct - supports 'utility not speculation' narrative,x.com/researchpulse/thread
N-008,2026-03-06 08:15,CoinDesk,Tier 1,Staff Reporter,"US Treasury Secretary Calls for 'Comprehensive Digital Asset Framework' at G7","Treasury Secretary Scott Bessent urged G7 finance ministers to coordinate on digital asset regulation, citing the GENIUS Act as a model. He specifically mentioned cross-border payment efficiency and stablecoin standards as priorities.",Regulatory,Direct - favorable regulatory direction for Ripple's business model,coindesk.com/treasury-g7-digital-assets
N-009,2026-03-06 08:30,DLNews,Tier 2,Staff Reporter,"Binance Launches Institutional Custody Service to Rival Coinbase and BitGo","Binance announced an institutional-grade custody service with $100M insurance coverage, targeting hedge funds and asset managers. The service uses multi-party computation and supports 50+ assets.",Competitive,Indirect - custody competition but different segment than Ripple,dlnews.com/binance-custody
N-010,2026-03-06 09:00,Bloomberg,Tier 1,Staff Reporter,"Mastercard Expands Stablecoin Settlement Beyond RLUSD Pilot to Include USDC","Mastercard is expanding its stablecoin settlement capabilities beyond its Ripple/RLUSD pilot to include Circle's USDC, enabling merchants to receive settlement in either stablecoin. The company says it's 'stablecoin agnostic' and focused on what works for clients.",Competitive/RLUSD,Direct - Mastercard hedging bets; RLUSD not exclusive,bloomberg.com/mastercard-stablecoin-expansion
N-011,2026-03-06 09:15,Twitter/X,Social,@CryptoKaleo,"$DOGE looking ready for a breakout. Cup and handle forming on the daily. $1 target by summer.","Popular crypto trader posts bullish Dogecoin analysis with technical chart patterns.",Speculation/Memecoin,None - irrelevant,x.com/cryptokaleo/doge
N-012,2026-03-06 09:30,The Block,Tier 1,Staff Reporter,"Bank of England Publishes Digital Pound Architecture Paper","The Bank of England released a detailed technical architecture for a potential digital pound (CBDC), describing a two-tier model where the central bank provides core ledger and private sector builds user-facing wallets. Consultation runs through June 2026.",Regulatory/CBDC,Indirect - UK CBDC opportunity for Ripple's platform,theblock.co/boe-digital-pound
N-013,2026-03-06 10:00,NFT Now,Tier 3,Staff,"Bored Ape Floor Price Hits New Low as NFT Market Struggles","Bored Ape Yacht Club NFTs hit a floor price of 8 ETH, down from an all-time high of 128 ETH. The broader NFT market has contracted 85% from its 2022 peak.",NFT/Irrelevant,None,nftnow.com/bayc-floor
N-014,2026-03-06 10:30,Reuters,Tier 1,Staff Reporter,"Hong Kong Grants First Stablecoin Licenses Under New Framework","Hong Kong's Monetary Authority granted its first two stablecoin issuer licenses under the new regulatory framework to a local consortium and an international fintech firm. Analysts say this positions HK as Asia's regulated stablecoin hub.",Regulatory,Indirect - potential RLUSD expansion opportunity in HK,reuters.com/hk-stablecoin-license
N-015,2026-03-06 11:00,Twitter/X,Social,@CryptoSpamBot123,"FREE AIRDROP! Send 1 ETH get 10 ETH back! Limited time only!","Obvious crypto scam/spam post.",Spam/Irrelevant,None,x.com/spam-account
N-016,2026-03-06 11:30,CoinTelegraph,Tier 2,Staff Reporter,"Visa B2B Connect Adds 8 New Latin American Corridors","Visa expanded its blockchain-based B2B settlement network to 8 new Latin American corridors, bringing the total to 38 globally. Settlement times remain at 24-48 hours but Visa says improvements are planned for 2026.",Competitive,Moderate - Visa expanding in LATAM where Ripple has fewer partners,cointelegraph.com/visa-b2b-latam
N-017,2026-03-06 12:00,Bloomberg,Tier 1,Staff Reporter,"Crypto Market Update: BTC $92K, ETH $3.8K, XRP $1.37 as Markets Consolidate","Major cryptocurrencies traded in tight ranges as markets digested recent regulatory developments. Total crypto market cap: $3.2 trillion. XRP ETF inflows continue to provide support.",Market,Direct - daily XRP price context,bloomberg.com/crypto-markets-daily
