date,competitor,move_type,description,threat_level,ripple_impact
2026-03-01,SWIFT,Partnership,"SWIFT announces pilot with 15 central banks for multi-CBDC settlement platform, targeting 2027 launch",high,"Directly competes with Ripple's CBDC platform; could lock in central bank relationships"
2026-02-25,Circle,Product Launch,"Circle launches Circle Mint institutional platform with instant USDC redemption and multi-chain settlement",medium,"Competes with RLUSD for institutional stablecoin use; Circle's $75B market cap dwarfs RLUSD's $1.5B"
2026-02-20,JPMorgan Kinexys,Expansion,"Kinexys opens platform to non-JPM banks for the first time, onboarding 12 regional banks in Asia-Pacific",high,"JPM moving from closed to open network; directly targets Ripple's strongest region (APAC = 56% of ODL volume)"
2026-02-18,Stellar,Partnership,"Stellar Foundation partners with UNHCR for refugee aid disbursement across 8 African countries",low,"Different market segment (humanitarian); minimal overlap with Ripple's institutional focus"
2026-02-15,SWIFT,Technology,"SWIFT GPI now settles 72% of payments within 30 minutes, up from 60% in Q3 2025",medium,"Narrowing speed gap reduces one of Ripple's key differentiators, though still not real-time"
2026-02-12,Visa B2B Connect,Expansion,"Visa B2B Connect adds 8 new corridors in Latin America, bringing total to 38",medium,"Expanding in a region where Ripple has fewer partnerships; Visa brand carries weight"
2026-02-08,Circle,Regulatory,"Circle receives Singapore MAS Major Payment Institution license for USDC operations",medium,"Circle building regulatory footprint in APAC; could compete for institutional clients"
2026-02-05,JPMorgan Kinexys,Product Launch,"Kinexys launches programmable payment product for supply chain finance",low,"Supply chain finance is adjacent to Ripple's focus; not a direct threat today"
2026-01-30,SWIFT,Partnership,"SWIFT partners with Chainlink for cross-chain interoperability pilot connecting private and public blockchains",high,"SWIFT + Chainlink could bridge TradFi and DeFi without needing Ripple; validates blockchain but routes around XRP"
2026-01-25,Stellar,Technology,"Stellar launches Soroban smart contracts mainnet, enabling DeFi applications on Stellar network",low,"Stellar expanding capabilities but still far behind Ripple in institutional adoption"
2026-01-20,Circle,Partnership,"Circle and Mastercard expand USDC-powered commercial card settlement to 15 new markets",medium,"Mastercard also piloted with RLUSD (Nov 2025); shows card networks hedging bets across stablecoins"
2026-01-15,Visa B2B Connect,Technology,"Visa B2B Connect reduces settlement time to 12-24 hours with new straight-through processing",low,"Still much slower than Ripple's 3-5 seconds; not competitive on speed"
2026-01-10,JPMorgan Kinexys,Regulatory,"JPMorgan secures UK FCA approval for Kinexys digital asset services",medium,"JPM building regulatory presence in UK where Ripple also recently got FCA license (Jan 2026)"
2026-01-05,SWIFT,Product Launch,"SWIFT launches AI-powered payment routing optimization, reducing failed payments by 40%",medium,"Improving SWIFT reliability weakens the 'SWIFT is broken' narrative that benefits Ripple"
2025-12-28,Circle,Expansion,"Circle opens Dubai office and applies for DFSA virtual asset license",medium,"Entering Ripple's strategic Middle East market; ~20% of Ripple customers are in the region"
2025-12-20,Stellar,Partnership,"MoneyGram expands Stellar-based remittance service to 12 new countries in Southeast Asia",medium,"Direct competition in remittance corridors where Ripple has strong ODL presence"
